X1960,X1961,X1962,X1963,X1964,X1965,X1966,X1967,X1968,X1969,X1970,X1971,X1972,X1973,X1974,X1975,X1976,X1977,X1978,X1979,X1980,X1981,X1982,X1983,X1984,X1985,X1986,X1987,X1988,X1989,X1990,X1991,X1992,X1993,X1994,X1995,X1996,X1997,X1998,X1999,X2000,X2001,X2002,X2003,X2004,X2005,X2006,X2007,X2008,X2009,X2010
0.091400037,0.088266279,0.085556892,0.083235458,0.081291558,0.079547446,0.078030201,0.076774282,0.075407184,0.073853095,0.075736247,0.070556578,0.0685699,0.066448383,0.064403577,0.062154359,0.059672019,0.056786033,0.053932574,0.050894301,0.047778663,0.044902929,0.042426609,0.040529639,0.038680772,0.037507472,0.035699837,0.033812319,0.031956592,0.035605379,0.033140202,0.027516366,0.025899457,0.025452064,0.024582819,0.023205765,0.022159321,0.021159886,0.019906817,0.018492634,0.017266863,0.01661577,0.015967192,0.015345157,0.014505081,0.013714528,0.013111223,0.012761308,0.01262379,0.012408726,0.012076391
0.025797491,0.024322203,0.023111187,0.021815011,0.020676372,0.019546068,0.018386026,0.017565934,0.01695208,0.016415916,0.017714119,0.014816161,0.013499828,0.012108083,0.011556568,0.010812593,0.010261739,0.009353516,0.008297271,0.007706066,0.006897686,0.006357874,0.00595562,0.005542971,0.005049977,0.004686941,0.004438552,0.004198726,0.003960346,0.004325508,0.004499116,0.002974921,0.002531613,0.00242848,0.00232237,0.002074651,0.001847504,0.001618356,0.001407965,0.001237428,0.001104863,0.001097261,0.001074136,0.001046953,0.001017797,0.000928912,0.000863077,0.000845496,0.000821992,0.000799698,0.000778771
0.013180954,0.012464672,0.011855889,0.011258067,0.010691367,0.010113447,0.009538572,0.009128543,0.008839841,0.008602269,0.009141652,0.007786036,0.007049812,0.006282765,0.005854224,0.005425421,0.005120295,0.00469664,0.004195875,0.003827181,0.003424452,0.003137754,0.002904553,0.002706875,0.002486594,0.00233275,0.002218673,0.002114957,0.002030056,0.002157347,0.00218096,0.001557512,0.001324043,0.001242157,0.001185336,0.001084892,0.000990382,0.000893748,0.000798018,0.000715139,0.000649699,0.000640015,0.000632269,0.000624867,0.000617487,0.000581738,0.000551512,0.000542303,0.000531861,0.000521575,0.000511788
0.008096876,0.007701543,0.007348961,0.007041026,0.006716458,0.006377776,0.00605296,0.005814267,0.005656411,0.005533414,0.005782877,0.005042189,0.004560062,0.004061175,0.003716189,0.003424088,0.003220016,0.002976117,0.002683407,0.002417329,0.002169306,0.001983089,0.001820652,0.00170232,0.001576114,0.001493295,0.001425299,0.001366962,0.001329271,0.001383122,0.001364391,0.001042219,0.00088922,0.000822533,0.000784024,0.000730382,0.000678986,0.000626699,0.000569958,0.00051735,0.000476351,0.000467209,0.000463575,0.000461272,0.000460475,0.000443364,0.000425196,0.000419265,0.000414465,0.000408365,0.000401782
0.005484772,0.005249613,0.005028662,0.004862685,0.004664438,0.00444921,0.004250129,0.004102047,0.004009273,0.003941234,0.004056577,0.00361971,0.003276626,0.002922665,0.002637005,0.002421102,0.002269943,0.002113256,0.001923564,0.001718511,0.001547993,0.001413972,0.001291304,0.001211534,0.001130252,0.001079696,0.001033186,0.000995546,0.000978493,0.001000526,0.000968028,0.000783271,0.000672165,0.000615019,0.000586165,0.000553823,0.000522294,0.000489616,0.000452418,0.000415263,0.000385092,0.000376537,0.000375242,0.00037498,0.000376413,0.000368029,0.000356738,0.000351824,0.000350017,0.000345599,0.000340759
0.00395727,0.003812545,0.003667165,0.00357756,0.003450952,0.003308279,0.003182472,0.003085656,0.003030688,0.002993727,0.003039025,0.002772026,0.002514238,0.002248161,0.002006227,0.001837998,0.001720571,0.00161309,0.001481538,0.001314689,0.001190942,0.001087506,0.000989914,0.000932686,0.000875166,0.000841752,0.000808178,0.000781313,0.000774325,0.000780375,0.000742648,0.000631638,0.000546212,0.000496473,0.000473095,0.000451667,0.000430922,0.000408894,0.00038253,0.000353675,0.000330834,0.000322747,0.00032128,0.000322313,0.000324717,0.000321316,0.000314435,0.000310332,0.000309827,0.000306912,0.000303104
0.002991708,0.002901442,0.002800263,0.002755516,0.002672074,0.002575893,0.002494539,0.002429027,0.0023971,0.002378674,0.002386034,0.00222263,0.002021715,0.001814295,0.00160609,0.001469849,0.001373553,0.001296115,0.001200306,0.001062353,0.000966825,0.000884678,0.000804104,0.000759876,0.000717092,0.00069302,0.000666779,0.000646957,0.000645006,0.000642291,0.000604412,0.000535879,0.000466105,0.000423672,0.000402989,0.000387581,0.000373132,0.000357482,0.000337631,0.00031485,0.000296419,0.000288049,0.000287259,0.00028903,0.000291722,0.000291091,0.000285595,0.000283219,0.000283632,0.000281284,0.000278254
0.002351344,0.002291518,0.002219096,0.002200866,0.002145568,0.002078587,0.002026088,0.001982525,0.001964888,0.001958942,0.001944432,0.001846188,0.001684784,0.00151992,0.00133779,0.00122382,0.001143761,0.001085591,0.001013925,0.000895711,0.000819635,0.00075212,0.000683961,0.000648738,0.000614243,0.000596299,0.000574428,0.000558917,0.000559234,0.000551105,0.000514286,0.000472153,0.000415013,0.000376143,0.000358112,0.000347024,0.000334794,0.000323536,0.000307402,0.000288681,0.000274003,0.00026594,0.000265078,0.000266728,0.00026925,0.000270725,0.000267066,0.000265129,0.000266372,0.000264987,0.00026173
0.001916287,0.001876316,0.001821243,0.001815576,0.001778143,0.001731139,0.001698457,0.001668792,0.001660917,0.001661111,0.001635352,0.001579946,0.001448293,0.001314065,0.001153728,0.001058368,0.000988043,0.000942654,0.000887451,0.000785452,0.000723133,0.000664783,0.00060593,0.000575166,0.000546074,0.00053078,0.000512071,0.00049987,0.000501609,0.000491823,0.000457746,0.000429659,0.000381087,0.000345519,0.000329169,0.000320637,0.00031074,0.000301564,0.00028881,0.000272926,0.000259809,0.000252186,0.000251806,0.000252609,0.000255976,0.000257341,0.000255789,0.000254731,0.00025639,0.000255798,0.000252626
0.001621523,0.001590073,0.001546141,0.00154699,0.001520849,0.001485028,0.00146575,0.001444774,0.001442507,0.001448419,0.001417873,0.001389223,0.001280677,0.001169729,0.001030487,0.000946112,0.000885238,0.000848672,0.000803482,0.000714681,0.000661175,0.000610672,0.000557259,0.000529649,0.00050235,0.000489776,0.000472742,0.000461754,0.000463929,0.000453527,0.000423237,0.000402593,0.000359539,0.000328827,0.000313927,0.000306084,0.000296756,0.000288892,0.000278083,0.000264613,0.0002526,0.000246658,0.000245949,0.000246429,0.000249017,0.000251324,0.00025063,0.000251666,0.000254186,0.000253955,0.00025062
0.001430796,0.001403061,0.001364377,0.001364314,0.001343228,0.001316528,0.001304184,0.001288855,0.001290381,0.001298385,0.001265717,0.001254121,0.001165007,0.001073933,0.000950043,0.000877077,0.000821538,0.000790347,0.000753591,0.000674574,0.000627454,0.000582437,0.000532733,0.00050616,0.000479202,0.000466703,0.000450515,0.000441218,0.000442701,0.000433576,0.000407239,0.000388494,0.000350904,0.000322947,0.000309201,0.000301857,0.000293118,0.000285733,0.000275185,0.000263557,0.000254832,0.000249124,0.000249255,0.000249413,0.000250824,0.000253326,0.000253678,0.000257452,0.000261189,0.000260887,0.000257852
0.001317029,0.001289425,0.00125265,0.001250193,0.001229832,0.001206846,0.001198116,0.001187257,0.001189708,0.00119671,0.001167461,0.001164392,0.001089598,0.001016552,0.000908736,0.000842435,0.00079138,0.000762704,0.000731157,0.000659277,0.000616921,0.00057469,0.000528016,0.000500522,0.000472572,0.000458653,0.00044446,0.000434146,0.000434486,0.000428422,0.000407069,0.000386575,0.000352674,0.000328352,0.000316482,0.0003103,0.000300111,0.000292323,0.000282141,0.000272521,0.000264634,0.00026127,0.000262528,0.000260768,0.000261818,0.000264027,0.000265534,0.000272234,0.000276996,0.000278906,0.000274876
0.00127014,0.001239797,0.001197712,0.00119186,0.001169786,0.001146875,0.001140247,0.001130812,0.001133008,0.001137746,0.001113945,0.001113743,0.001052443,0.000992569,0.000899121,0.000837247,0.000787163,0.000761555,0.000731446,0.000665974,0.00062544,0.000586334,0.00053973,0.000510371,0.000480278,0.000465492,0.000450763,0.00044054,0.000439892,0.000435521,0.000419101,0.000395962,0.000364983,0.000344402,0.000335285,0.000329098,0.00031814,0.000308881,0.000299167,0.000290794,0.000284839,0.000284091,0.000284905,0.000282323,0.000283154,0.000284906,0.000286964,0.000295705,0.000303493,0.000305667,0.000303044
0.001274537,0.00123699,0.001191922,0.001180144,0.00115403,0.001131407,0.001125516,0.001114333,0.001114988,0.001116281,0.001099069,0.001097553,0.001046307,0.000999023,0.00091662,0.000858298,0.000808143,0.000782194,0.000752993,0.000691731,0.00065199,0.000613015,0.000566645,0.000535378,0.00050099,0.000484175,0.000469398,0.00045955,0.00045609,0.000453559,0.000440739,0.0004168,0.000388861,0.000371255,0.000363081,0.000356796,0.000346749,0.000335764,0.000325504,0.000318541,0.000313795,0.000314021,0.000315549,0.000312373,0.000312294,0.000313685,0.00031782,0.00032787,0.000337656,0.000342055,0.000339874
0.001321389,0.001279646,0.0012276,0.001207953,0.00117804,0.001154032,0.00114754,0.001135327,0.001133182,0.001131474,0.001118857,0.001113461,0.001072015,0.001032372,0.000960455,0.00090177,0.000850556,0.000822,0.000793012,0.000732117,0.000693208,0.000653369,0.000606393,0.000572192,0.000534384,0.000515483,0.000499434,0.000487439,0.00048137,0.000480762,0.000470711,0.000445578,0.000420672,0.000406181,0.000398173,0.000392826,0.000382637,0.000371603,0.000360566,0.000353082,0.000348812,0.000350248,0.000352694,0.000349176,0.000348447,0.000349702,0.000353293,0.000366113,0.000376991,0.000383313,0.000384357
0.001402294,0.001355281,0.001297418,0.001270805,0.001238091,0.001211282,0.001202785,0.00118843,0.001182501,0.001176788,0.001170299,0.001160121,0.001123675,0.001091448,0.001025094,0.000964872,0.000910024,0.000879279,0.000848454,0.000787419,0.000746634,0.000705967,0.000656263,0.000620439,0.000578083,0.000556043,0.00053771,0.000524308,0.000514984,0.000514588,0.000505385,0.000482038,0.000459801,0.00044553,0.000437818,0.000431661,0.000422375,0.000411192,0.000399143,0.000390904,0.000386205,0.000388189,0.000390846,0.000388167,0.000388052,0.000389512,0.000392805,0.000405796,0.000418245,0.000427206,0.000430979
0.001512403,0.001456738,0.001394919,0.001362783,0.001326614,0.001296205,0.001284687,0.001269266,0.001260591,0.001252006,0.001249818,0.001232199,0.001199216,0.001171346,0.001107142,0.001045954,0.000986133,0.000949211,0.000915802,0.000851443,0.000809644,0.000766788,0.000714426,0.000676098,0.000629348,0.000603218,0.000582711,0.000566954,0.000555114,0.000552402,0.00054423,0.000521644,0.000502164,0.00048772,0.000478332,0.000471461,0.0004623,0.000452031,0.000439821,0.000429598,0.00042433,0.000426013,0.00042911,0.000426566,0.000427364,0.000429441,0.0004319,0.000445404,0.000459552,0.000470667,0.000476822
0.001646067,0.001583503,0.001514727,0.001479141,0.001439067,0.001404669,0.001391902,0.001372515,0.001362415,0.001350366,0.001352852,0.001327029,0.001294109,0.001269319,0.001203981,0.001139682,0.001072258,0.001030883,0.000992454,0.000925439,0.000879425,0.000833995,0.000780137,0.000738205,0.000686047,0.000657262,0.000633757,0.000614732,0.000598392,0.000593233,0.000583576,0.000564864,0.000545123,0.000529548,0.000517046,0.000509382,0.000500447,0.000490321,0.000477064,0.00046569,0.000458679,0.000458959,0.000463551,0.000461381,0.000463385,0.000466426,0.000468477,0.000482063,0.000497444,0.000510903,0.000519827
0.001794006,0.001726407,0.001650142,0.001613836,0.001569753,0.001533704,0.001519717,0.001498319,0.001486276,0.001472148,0.001475464,0.001442942,0.001408342,0.001381586,0.001313593,0.001242648,0.001168333,0.001120014,0.001076962,0.001003512,0.000955458,0.000906964,0.000848707,0.000804385,0.000746854,0.000715815,0.000687465,0.000664438,0.000644851,0.000635378,0.000623136,0.000606842,0.000587935,0.00057009,0.00055341,0.000543471,0.000533684,0.000523804,0.000509682,0.000497248,0.000488378,0.000488038,0.00049302,0.000492262,0.000494766,0.000499082,0.000500097,0.000513365,0.000530623,0.000546076,0.000556209
0.001954372,0.001880977,0.001796313,0.001762093,0.001716888,0.00167942,0.001664397,0.001638815,0.001624968,0.001608573,0.001610523,0.001575157,0.001535299,0.001503142,0.001431017,0.001353441,0.001270243,0.0012159,0.001167377,0.001087822,0.001035499,0.000983405,0.000920221,0.000871921,0.00081017,0.000775961,0.000743089,0.00071538,0.000691872,0.000677277,0.00066273,0.000647889,0.000627212,0.00060613,0.000586068,0.00057281,0.000561661,0.000551937,0.00053804,0.000523733,0.000512072,0.000511057,0.000516307,0.000516855,0.000520903,0.000526778,0.000527028,0.000540385,0.000558308,0.000574636,0.000586631
0.002118492,0.002041926,0.001953979,0.001918631,0.001872445,0.001834199,0.001818712,0.001789219,0.001774114,0.001758112,0.001758556,0.001717891,0.001670688,0.001633502,0.001553838,0.00146981,0.001377666,0.001315475,0.001260997,0.001172919,0.001117028,0.001060599,0.000993343,0.000941986,0.000875633,0.000835653,0.000798479,0.00076647,0.000739586,0.000720218,0.000701539,0.000686484,0.000662889,0.000638935,0.000615549,0.000598868,0.000585337,0.000574242,0.00056047,0.000545375,0.000532069,0.000530519,0.000536085,0.000537846,0.000542294,0.000547782,0.000548528,0.000561366,0.000581449,0.000598441,0.000610294
0.002286578,0.00220624,0.002114791,0.002083908,0.002036266,0.001997404,0.001979421,0.001949134,0.001933274,0.001918448,0.00191535,0.001866828,0.001811822,0.001767695,0.001678963,0.001588998,0.00148617,0.00141634,0.001355968,0.001258722,0.001198741,0.001138702,0.001066625,0.00101179,0.000939037,0.000896871,0.000853965,0.000816592,0.000785619,0.000762019,0.000738514,0.000722685,0.000695348,0.000668433,0.000642145,0.000621183,0.000605241,0.000592777,0.000578611,0.000563644,0.000548766,0.00054586,0.000550935,0.000554011,0.000559771,0.000565682,0.000564928,0.000579534,0.00059927,0.000617487,0.000628046
0.002456196,0.002374223,0.00227865,0.002249312,0.002202919,0.002163117,0.002145585,0.002112578,0.0020968,0.002081543,0.002073101,0.002021625,0.001956117,0.001904679,0.001804815,0.001707687,0.001596376,0.001519135,0.001451457,0.001346599,0.001282248,0.001216444,0.001138734,0.001081251,0.001002887,0.000956822,0.000907711,0.000867425,0.000832519,0.000803824,0.000775961,0.000757701,0.000725816,0.000696225,0.000665904,0.000642227,0.000623092,0.000609274,0.000594743,0.000579385,0.000562791,0.000558611,0.0005645,0.000567064,0.000573187,0.000579395,0.000578974,0.000593372,0.000615073,0.000632965,0.000641746
0.002625058,0.002536981,0.002439562,0.002417818,0.00236953,0.002328463,0.0023111,0.002275618,0.002260936,0.002248858,0.002232888,0.002179324,0.002100855,0.002039586,0.001928151,0.00182638,0.001705168,0.001621058,0.001548303,0.001432531,0.00136416,0.001293974,0.001211569,0.001149204,0.001065923,0.001015469,0.000962354,0.000916098,0.000877213,0.000844851,0.000813055,0.000790663,0.000755851,0.000722854,0.000690962,0.000663427,0.000640599,0.000625758,0.000609845,0.000594123,0.000577192,0.000572525,0.000577285,0.00057962,0.000586354,0.000591871,0.000591665,0.000606688,0.000628361,0.000646231,0.000653582
0.002790537,0.00270196,0.00259808,0.0025802,0.002535944,0.002496524,0.002475865,0.00243738,0.002424215,0.002413849,0.002393487,0.002333609,0.002244894,0.002173835,0.002052647,0.001944015,0.00181303,0.001722748,0.001641689,0.001518951,0.001445358,0.001371095,0.001283772,0.001217544,0.001128498,0.001072883,0.001015274,0.000963872,0.00092333,0.000885823,0.000850277,0.000824183,0.000784683,0.00074999,0.000715843,0.000685827,0.00065923,0.00064297,0.000627066,0.00061102,0.000592604,0.000587709,0.000592159,0.000593378,0.000598894,0.000603948,0.000604044,0.000620622,0.000642039,0.000658847,0.000663009
0.002949261,0.002859654,0.00275502,0.002740085,0.002699122,0.002657812,0.002639824,0.002597732,0.002585684,0.002574599,0.002550598,0.002487781,0.00238653,0.002303597,0.002172958,0.00205983,0.001920978,0.001822665,0.001735915,0.001602823,0.001526495,0.001448779,0.001355011,0.001284787,0.00119096,0.001130869,0.001067946,0.001013685,0.000968266,0.000929224,0.000889729,0.000857461,0.000816205,0.000780512,0.000743424,0.000710138,0.000682261,0.000662374,0.00064609,0.00063006,0.000611298,0.000605067,0.000608356,0.000609281,0.000613737,0.000617539,0.000618187,0.000635337,0.00065738,0.000672842,0.000673702
0.003103746,0.003010041,0.002904101,0.00289837,0.002856314,0.002815301,0.002796424,0.00275356,0.002742275,0.002732844,0.002702332,0.002634783,0.002524073,0.002432042,0.002292469,0.002172989,0.002028539,0.001924091,0.001829732,0.00168875,0.001608474,0.001526034,0.001428077,0.001352337,0.001253472,0.001188336,0.001120795,0.001062991,0.001016478,0.000974045,0.000931487,0.000893995,0.000849958,0.000812633,0.000774457,0.000739512,0.000708404,0.000687394,0.000670753,0.000653174,0.000634374,0.000625806,0.00062894,0.000627604,0.000630733,0.000634542,0.000634987,0.000652941,0.000674584,0.000688491,0.000686754
0.00325005,0.00315917,0.003052582,0.003048813,0.003011671,0.0029697,0.002951993,0.002907677,0.002893736,0.002888581,0.002850453,0.002781037,0.002658499,0.002557793,0.00240979,0.002284692,0.002132776,0.002022188,0.001922222,0.001773612,0.001690253,0.001603758,0.001500296,0.001419545,0.001315877,0.001247112,0.001175959,0.001115357,0.001065576,0.001020675,0.00097599,0.000935435,0.00088843,0.000851016,0.000810992,0.000773748,0.000739789,0.000718036,0.000699099,0.000681051,0.000661684,0.000652118,0.000654085,0.000650353,0.00065342,0.00065479,0.000655245,0.00067433,0.000695791,0.000707061,0.000702482
0.003393945,0.003299476,0.003191981,0.003195053,0.003158923,0.003118507,0.003100786,0.003053799,0.003042897,0.003035636,0.00299502,0.002920017,0.002788206,0.002679325,0.002523517,0.002396168,0.002237408,0.002120974,0.002017586,0.001860992,0.001772735,0.001682966,0.001574552,0.001491106,0.001381162,0.001308974,0.001233937,0.001170008,0.001117735,0.001072667,0.001025268,0.000979634,0.000930631,0.00089318,0.000852882,0.000815059,0.000778714,0.000754281,0.000734519,0.00071514,0.000693989,0.000683955,0.000683892,0.000678848,0.000679497,0.00068077,0.000680988,0.00070032,0.000720828,0.000730742,0.000723288
0.003532234,0.003436955,0.003329556,0.003339146,0.003301726,0.003262319,0.003243531,0.003195815,0.003183506,0.0031798,0.003136153,0.003057652,0.002915347,0.002797959,0.0026378,0.00250632,0.002343983,0.002222256,0.002110955,0.00194861,0.001857523,0.001764831,0.001652123,0.001564663,0.001448769,0.001371836,0.001294942,0.001227442,0.001175461,0.001127956,0.001078611,0.00103012,0.000981491,0.000943606,0.000901581,0.000862124,0.000823821,0.000797222,0.00077592,0.000755546,0.000733968,0.000722214,0.000720597,0.00071328,0.000711442,0.000712414,0.00071142,0.00073072,0.000751585,0.000759383,0.000749275
0.003671241,0.003572582,0.003464116,0.003476688,0.003441775,0.003401437,0.003384456,0.003334777,0.00332292,0.003321504,0.003273808,0.003191236,0.003040322,0.002916189,0.00275462,0.002616821,0.002449024,0.002322619,0.002208954,0.002038658,0.001944701,0.001851271,0.001732307,0.00164152,0.001520108,0.001440686,0.001358746,0.001291433,0.001236244,0.001189094,0.001138576,0.001087895,0.001037689,0.001000421,0.000956242,0.000916415,0.00087499,0.000846665,0.000824437,0.000802331,0.000779484,0.000766226,0.000762922,0.000753729,0.000750618,0.000750071,0.00074982,0.000769151,0.000787855,0.000794878,0.000781377
0.003800906,0.003704667,0.003596714,0.003610841,0.003578238,0.003537206,0.003520481,0.003468032,0.003459045,0.003458515,0.003408454,0.003320736,0.003163648,0.003037888,0.002868078,0.00272972,0.002557093,0.002426543,0.002308498,0.002133311,0.002036801,0.001940318,0.001817069,0.001723197,0.001596782,0.001513439,0.001430623,0.001360393,0.001303932,0.001255335,0.001204815,0.001151097,0.001101654,0.001064553,0.001020579,0.000978521,0.000935109,0.000905205,0.000879896,0.00085667,0.000832989,0.000818483,0.000812514,0.00080123,0.000796088,0.000794072,0.000793281,0.000813421,0.000831054,0.000835895,0.000820384
0.003932659,0.00383548,0.0037256,0.003743167,0.00371102,0.003672452,0.003656406,0.003603353,0.003592893,0.003592023,0.003544798,0.003453433,0.003288911,0.003157783,0.002988023,0.002848223,0.002670617,0.002536438,0.002414437,0.002234867,0.002133771,0.002034535,0.001909207,0.001809677,0.001678454,0.001593856,0.001508794,0.001436033,0.001378832,0.001330806,0.001278373,0.001224239,0.001174811,0.001137092,0.001091305,0.001047929,0.001003489,0.000971846,0.000943558,0.000918408,0.000893286,0.00087675,0.000870795,0.000855195,0.000848969,0.000845811,0.000844465,0.000864062,0.000881263,0.000884952,0.000866046
0.004062345,0.003964124,0.003857334,0.003875888,0.003846107,0.003807734,0.00379099,0.003738296,0.003728907,0.003730399,0.003681131,0.003584229,0.003413803,0.00328279,0.003109427,0.002967434,0.002787029,0.002649124,0.002523759,0.002340535,0.002237922,0.002136465,0.002006938,0.001906174,0.001769716,0.001681889,0.001593099,0.001520402,0.001462952,0.001412358,0.001360059,0.00130706,0.00125709,0.001219516,0.00117253,0.001127153,0.001081103,0.00104576,0.001015684,0.000988806,0.000961431,0.00094346,0.000935572,0.000918246,0.00090877,0.000905437,0.00090381,0.000923938,0.000940311,0.000941095,0.000920894
0.004195365,0.004099391,0.003986916,0.00401151,0.003981695,0.003945568,0.003929368,0.003875308,0.00386805,0.003867489,0.003822576,0.003721875,0.003546906,0.003410897,0.00323955,0.003094671,0.002910552,0.002770924,0.002641914,0.002452761,0.002349243,0.002243383,0.002112844,0.002008729,0.001866818,0.001777866,0.001687674,0.001613651,0.001554582,0.001503777,0.00145219,0.001397068,0.001349867,0.001311852,0.001261081,0.001215959,0.001166091,0.001129313,0.001096897,0.001066722,0.001037343,0.001018523,0.001008045,0.000988218,0.000978184,0.000973747,0.000970436,0.000990253,0.00100674,0.001005162,0.000982925
0.004333749,0.004233773,0.004123236,0.004149432,0.004120285,0.004084019,0.004070612,0.004016081,0.004008671,0.004011307,0.003966772,0.003861075,0.0036835,0.003547521,0.003376687,0.003231153,0.003042619,0.002900368,0.002766639,0.002574395,0.00246765,0.002363365,0.002226931,0.002122562,0.001975216,0.001882568,0.00179085,0.001718034,0.001657911,0.001605436,0.001553213,0.001500228,0.001452564,0.001413847,0.001361785,0.001314323,0.001262694,0.001222195,0.001186763,0.001154114,0.001122569,0.00110186,0.001090664,0.001067639,0.001055083,0.001049935,0.001046383,0.00106688,0.001081311,0.001079236,0.001054204
0.00447528,0.004373635,0.004263281,0.004294427,0.004265662,0.004229922,0.00421686,0.004159979,0.004157048,0.004159927,0.004117991,0.004010649,0.003829106,0.003695215,0.003519559,0.00337519,0.003184478,0.003038898,0.002902522,0.002706268,0.002598999,0.002491188,0.002352036,0.00224531,0.002095588,0.001999292,0.001905866,0.001831927,0.001771064,0.001717584,0.001663367,0.001613343,0.001565827,0.001526637,0.00147293,0.001422308,0.001367865,0.001325713,0.001287954,0.001250578,0.00121779,0.00119504,0.00118209,0.001156407,0.001142021,0.001135487,0.001130894,0.001152517,0.001165773,0.001161985,0.001134672
0.004621489,0.004521516,0.004409142,0.004443493,0.004413964,0.004378496,0.00437089,0.004313291,0.004313291,0.004316447,0.00428188,0.004167588,0.003985629,0.00384902,0.003677663,0.00352904,0.003334417,0.003187761,0.00304805,0.002846875,0.002738231,0.002629702,0.002491353,0.002382676,0.00222561,0.002128751,0.002033868,0.001958617,0.001894478,0.001840318,0.001786893,0.001738739,0.001691977,0.001650948,0.001593913,0.001543188,0.001484966,0.001438376,0.001397223,0.001357299,0.001322616,0.001298717,0.001282428,0.001254402,0.001238873,0.001231782,0.001225486,0.001247597,0.001261238,0.001255318,0.001225411
0.004782544,0.004679238,0.004568114,0.004598857,0.004575654,0.004543655,0.00453235,0.004479084,0.00447956,0.004481431,0.004454187,0.004337464,0.004154223,0.004018287,0.0038464,0.00369897,0.003498249,0.003348734,0.00320784,0.00300424,0.002893127,0.002782836,0.002639303,0.00253229,0.002368168,0.002271345,0.002172959,0.00209676,0.00203391,0.001976419,0.00192424,0.001876748,0.001831582,0.001789165,0.001729093,0.001674817,0.001612236,0.001563625,0.001519409,0.001475713,0.001436714,0.001411009,0.001395165,0.001363147,0.001345467,0.001337311,0.001331546,0.001353689,0.001365815,0.001359241,0.001326152
0.004952096,0.004847639,0.004737588,0.004772679,0.004748938,0.004713792,0.004706467,0.004657322,0.004658941,0.004661235,0.004640195,0.004524344,0.004336789,0.004200506,0.004027833,0.003880396,0.003678905,0.003524381,0.003383977,0.003173417,0.003059136,0.002949369,0.00280575,0.002694307,0.002526468,0.002427467,0.002328693,0.00225205,0.002185795,0.002127104,0.002073778,0.002027486,0.001982836,0.001939793,0.001877179,0.001819686,0.001752701,0.00170156,0.001653271,0.001606097,0.001564662,0.001536219,0.001518592,0.001483321,0.001464781,0.001454534,0.001447534,0.001470867,0.001483556,0.001474327,0.001439358
0.005135726,0.005030053,0.004918433,0.004953056,0.004932147,0.004900716,0.004899853,0.004849008,0.004851376,0.004859185,0.004842124,0.004721535,0.004533016,0.004401538,0.004231232,0.004079398,0.00387186,0.003714024,0.003572251,0.003359714,0.00324435,0.003131112,0.002986588,0.002875816,0.002700993,0.002600317,0.002498954,0.002419745,0.002353253,0.002291094,0.002236495,0.002196195,0.002150138,0.002105135,0.002038518,0.001978323,0.001907239,0.001851797,0.001798819,0.001747142,0.00170366,0.001672839,0.001654116,0.001616185,0.001594661,0.001585128,0.001577314,0.001600135,0.001612009,0.001602209,0.001564525
0.005332725,0.00522728,0.005114057,0.005150588,0.005132382,0.00510801,0.005106528,0.005056255,0.005062528,0.005075549,0.005067739,0.004944054,0.004752941,0.004621362,0.004446529,0.004297578,0.004083317,0.003924323,0.003782901,0.003558937,0.003447778,0.003333128,0.003183641,0.003072704,0.002892885,0.002790405,0.00268404,0.002605677,0.002536734,0.002474215,0.00241855,0.002379574,0.002331958,0.002285337,0.00221546,0.002153255,0.002076424,0.002015111,0.001959294,0.001904162,0.001855778,0.001824544,0.001801749,0.001761767,0.00173938,0.001728429,0.001718278,0.001744023,0.001756094,0.001742976,0.001703333
0.005547309,0.005443949,0.005330552,0.005369134,0.005356073,0.00532886,0.005329938,0.005287106,0.005299561,0.005307197,0.005308671,0.005182636,0.00499086,0.004862042,0.004685673,0.004536582,0.004315012,0.004154507,0.004011936,0.003781423,0.003665277,0.003550936,0.003402051,0.003290222,0.003104236,0.002998894,0.002890253,0.002810456,0.002739569,0.002671731,0.002615789,0.002578811,0.002531934,0.002483416,0.002410516,0.002342729,0.002260766,0.002195911,0.00213381,0.002073455,0.00202309,0.001988663,0.001965308,0.001921773,0.001897545,0.001885803,0.001875513,0.001901354,0.001912918,0.001898894,0.001855898
0.005785953,0.00568445,0.005562147,0.005609743,0.005597217,0.005574571,0.005582877,0.005536079,0.005552261,0.005565871,0.005575357,0.005450917,0.005254715,0.005126337,0.004951242,0.004796447,0.004568583,0.004406184,0.004258342,0.00402323,0.003907391,0.00379111,0.003637396,0.003530456,0.003333961,0.003227914,0.003115907,0.003034565,0.002959365,0.002889507,0.002831159,0.002797117,0.002748985,0.002698408,0.002622204,0.002551349,0.00246484,0.002392863,0.002326833,0.00226157,0.002205515,0.002169012,0.002145776,0.002098657,0.002071011,0.002059025,0.002046117,0.002074354,0.002086813,0.002071127,0.002024486
0.006048286,0.005944327,0.005823677,0.005871645,0.005861634,0.005844274,0.00585254,0.005816305,0.005834289,0.005851077,0.005866157,0.005741805,0.005540635,0.005413596,0.005237475,0.005079772,0.004843902,0.004680572,0.004531357,0.004291418,0.004170329,0.004053764,0.003899999,0.003789013,0.003587288,0.003476406,0.003363192,0.00327918,0.003202423,0.003128134,0.003067937,0.003035012,0.002989065,0.002934089,0.002851787,0.002777564,0.002684573,0.002608379,0.002537058,0.002465326,0.00240603,0.002367609,0.002342134,0.002291845,0.002262436,0.002248646,0.002235049,0.002266323,0.002277357,0.002259907,0.002210227
0.006335899,0.006228358,0.006105251,0.006158804,0.006153846,0.006138932,0.006153073,0.006120158,0.00614471,0.006167666,0.006185367,0.006063002,0.005854993,0.005733496,0.005552514,0.005393782,0.005148078,0.00497772,0.004831953,0.004579656,0.004461351,0.0043427,0.004182945,0.004076452,0.003863492,0.003753215,0.003634477,0.003549839,0.003467076,0.00338802,0.003326716,0.003295751,0.003247364,0.003191417,0.003105752,0.003025186,0.002925101,0.002842666,0.002764689,0.002689302,0.002625364,0.002583892,0.002556409,0.002502149,0.002471444,0.00245753,0.002443184,0.002474833,0.002486396,0.002467747,0.002413379
0.006653587,0.006543856,0.006417185,0.00647731,0.006472186,0.006462734,0.006485621,0.006457152,0.006486068,0.006509896,0.006538154,0.006414446,0.006205937,0.006078984,0.005897216,0.005733673,0.005479844,0.00530968,0.005156568,0.004896431,0.004773695,0.004653824,0.004493793,0.004389849,0.004166251,0.004050855,0.003928599,0.003842577,0.003758988,0.003673644,0.003611055,0.003579949,0.003529869,0.003473732,0.003380007,0.003295991,0.003188197,0.003101288,0.003016658,0.002931847,0.002864168,0.002820439,0.002791844,0.002733654,0.002700936,0.002685556,0.002670333,0.002703974,0.002716376,0.002695202,0.002638025
0.007004421,0.006895801,0.006766999,0.0068266,0.006828159,0.006824831,0.006854561,0.006822965,0.006863083,0.006890638,0.006929336,0.0068017,0.006584119,0.006463019,0.006273865,0.006109485,0.005843343,0.005666461,0.005513555,0.0052426,0.005119273,0.004995608,0.00483675,0.00472961,0.004496193,0.004380294,0.00425195,0.004163001,0.004074282,0.003984462,0.003919286,0.003891148,0.003837103,0.003778867,0.003680396,0.003591013,0.003475622,0.003381339,0.003289466,0.003199887,0.003125007,0.003080133,0.003049308,0.002987972,0.00295351,0.002935869,0.0029201,0.002957337,0.002968566,0.002946512,0.002883427
0.007385567,0.007281833,0.007148462,0.007214142,0.007221253,0.00721999,0.007257687,0.007232299,0.007276711,0.00730984,0.007351979,0.007224684,0.007005095,0.006881358,0.006686164,0.006519129,0.006239663,0.00605658,0.00590602,0.00562269,0.005495581,0.00537129,0.005204016,0.005099859,0.0048579,0.004738954,0.004605248,0.004510792,0.004418705,0.004323223,0.004254037,0.004227697,0.004172611,0.004113162,0.004007726,0.00391078,0.003788526,0.003686971,0.003587242,0.003489964,0.003410445,0.003361367,0.0033318,0.003266161,0.003228986,0.003211378,0.003192419,0.003232048,0.003245164,0.003219979,0.003153983
0.007811636,0.007705325,0.007564965,0.007639579,0.007653313,0.007658669,0.007700435,0.007683004,0.007730647,0.007768164,0.007821506,0.007692226,0.007459133,0.007335088,0.007134732,0.006961603,0.006671227,0.006485949,0.006329408,0.006035347,0.005908044,0.005779056,0.005610008,0.005508412,0.005251989,0.005127736,0.004989631,0.004890288,0.004795725,0.004692614,0.004621632,0.004595712,0.004538033,0.004474124,0.004362527,0.004261676,0.004130248,0.004022187,0.003914595,0.003808838,0.003724155,0.003671234,0.003640026,0.003569072,0.003530259,0.003511993,0.003492107,0.003535519,0.003548914,0.003521403,0.003449893
0.008281391,0.008169829,0.008026124,0.008112972,0.008129986,0.008137173,0.008187544,0.00817456,0.008233139,0.008274718,0.00833338,0.008204515,0.007960257,0.007834929,0.00762612,0.007447525,0.007142187,0.006952632,0.006794067,0.00648036,0.006350677,0.006225475,0.006049604,0.005948004,0.005681866,0.005551366,0.005410312,0.005306833,0.005202804,0.005092661,0.005018111,0.004995193,0.004936657,0.004869681,0.004751543,0.004644667,0.00450468,0.004384861,0.004270381,0.004156289,0.004066018,0.004011267,0.003976699,0.003901774,0.003860621,0.003842996,0.003821384,0.003867509,0.003880448,0.00385051,0.003774001
0.008791917,0.008686462,0.008536333,0.008627367,0.008650407,0.008667274,0.008727024,0.008711611,0.008783456,0.008825993,0.0088962,0.008762169,0.008508959,0.008380113,0.008161374,0.007979135,0.007658815,0.007461164,0.007298485,0.00697324,0.006841768,0.006708961,0.006530446,0.00643161,0.006147844,0.006016673,0.005864592,0.005758482,0.005649254,0.005532151,0.005454532,0.005429085,0.005368633,0.005300281,0.005176951,0.005063617,0.004909601,0.00478479,0.004660966,0.004536459,0.004438206,0.004378977,0.004345725,0.004265013,0.004223221,0.0042036,0.004181715,0.004230367,0.004243473,0.004211937,0.004129787
0.009362275,0.009252849,0.009095539,0.009199742,0.00922594,0.009248927,0.00931362,0.009308257,0.009386522,0.009438189,0.00950587,0.009379418,0.009105843,0.008976502,0.008745154,0.008557996,0.008218536,0.008018193,0.007852326,0.007503017,0.007369261,0.007234277,0.007050868,0.006955428,0.006655054,0.006518642,0.006362399,0.006250809,0.006137579,0.006009847,0.005925608,0.005902035,0.005841058,0.005770019,0.005636076,0.005517688,0.005355373,0.005217015,0.005084741,0.004950466,0.004845134,0.004784494,0.004747221,0.00466275,0.004621235,0.00460143,0.004574374,0.004629541,0.00464259,0.004607968,0.004520655
0.009980915,0.009870877,0.009713695,0.009825156,0.009856852,0.00988858,0.009959991,0.009959691,0.010044656,0.010098527,0.010178132,0.010046254,0.009759468,0.00962465,0.009383505,0.009189124,0.008828164,0.008621595,0.008452955,0.008084508,0.007946046,0.007808121,0.007620559,0.007521968,0.007209441,0.007068235,0.006901698,0.006788925,0.006665882,0.006528241,0.006441562,0.006420119,0.006351423,0.006279194,0.00613988,0.006010755,0.005838061,0.005691887,0.005548881,0.005405389,0.005290833,0.005224571,0.005189301,0.005100601,0.005054117,0.0050352,0.005007118,0.00506467,0.005079537,0.005041438,0.004947296
0.010668739,0.010553974,0.010387555,0.01051442,0.010551219,0.010587396,0.010667641,0.0106736,0.010765587,0.010827646,0.010912067,0.010772047,0.010470955,0.010327002,0.010076974,0.009873268,0.009493076,0.009278646,0.009108839,0.008715231,0.008572784,0.008434507,0.008241961,0.008145913,0.007813755,0.007664076,0.007490671,0.007373391,0.007242051,0.007093912,0.007001776,0.006979067,0.006910087,0.006832808,0.006685723,0.006551111,0.006365317,0.006208991,0.006054507,0.005899761,0.005776927,0.00570888,0.005668768,0.005576675,0.005530027,0.00550929,0.005478733,0.005541417,0.005558263,0.00551842,0.005414717
0.011416043,0.011305786,0.011131444,0.011265035,0.011314732,0.011354856,0.011445159,0.011452567,0.011558095,0.01162182,0.011710769,0.011567784,0.011243757,0.011095851,0.010828033,0.01062219,0.010214324,0.009995368,0.00981758,0.009404171,0.009257656,0.00911455,0.00890935,0.008815422,0.008463906,0.00831793,0.008129626,0.008005486,0.007864901,0.007709745,0.007613335,0.007590455,0.007517192,0.007438237,0.007282618,0.007139779,0.006942285,0.006773081,0.006604438,0.006437733,0.00630773,0.006233345,0.006195653,0.006098706,0.006050171,0.00602993,0.005996443,0.006065661,0.006080164,0.00603661,0.005929176
0.012242634,0.012130681,0.011943771,0.012093118,0.012152229,0.012197498,0.012297569,0.01230656,0.012420464,0.012491507,0.012583479,0.012437144,0.012083054,0.011928687,0.011648746,0.011432652,0.011004021,0.010773204,0.010590962,0.010149399,0.009994811,0.00985193,0.009644279,0.009549851,0.00917725,0.009021472,0.008825438,0.008696471,0.008546772,0.008381797,0.008278014,0.008253883,0.008177077,0.00809631,0.007931236,0.00778312,0.007570619,0.007389791,0.007207361,0.007025777,0.006884814,0.006811843,0.006772115,0.006668621,0.006617058,0.006598514,0.006564445,0.006637758,0.006653577,0.006606554,0.006491043
0.013146816,0.01302947,0.01283645,0.012998488,0.013062766,0.013115069,0.013226149,0.013235844,0.013357681,0.01343621,0.013529902,0.01337799,0.012999066,0.012837205,0.012542923,0.012310635,0.011853003,0.011618697,0.011430936,0.010957748,0.010798751,0.010652012,0.010436021,0.010346802,0.009949198,0.009787475,0.009584522,0.009444035,0.009287911,0.009111479,0.008999625,0.008973785,0.008894575,0.008812563,0.008640886,0.008482424,0.00825348,0.008061557,0.007862712,0.007669925,0.007518196,0.007439949,0.007403076,0.007291502,0.007241474,0.007220927,0.00718457,0.007264777,0.00728175,0.007232367,0.007106643
0.014131903,0.014020849,0.013810942,0.013995108,0.014066377,0.014121071,0.014238019,0.014248838,0.014384745,0.01446285,0.01456376,0.014403793,0.01399668,0.013819723,0.013510067,0.013271761,0.012785502,0.012534194,0.012338386,0.011837077,0.01167203,0.011519671,0.011295971,0.011206211,0.010787567,0.010621902,0.010405764,0.010264443,0.010095166,0.009900847,0.009782159,0.009756053,0.009676443,0.009592474,0.009409898,0.009243945,0.009000327,0.008791588,0.008580281,0.008370191,0.00820786,0.008128169,0.008090907,0.007972673,0.007923253,0.007905442,0.007865807,0.007948922,0.007967047,0.007915151,0.007782543
0.015219132,0.015095708,0.014879706,0.01507863,0.015159596,0.015224256,0.015348893,0.015360781,0.015505044,0.015588414,0.015687525,0.015517185,0.015071487,0.014888386,0.014555351,0.014310102,0.013793059,0.013531825,0.013333416,0.012794452,0.01262293,0.012463442,0.012229867,0.012146111,0.011698405,0.011528383,0.011300506,0.011147196,0.01097055,0.010766066,0.010635303,0.01061235,0.010526856,0.010441323,0.010248707,0.010074785,0.009814439,0.009590498,0.009364551,0.009136668,0.008961166,0.008876831,0.008839673,0.00872125,0.008667912,0.008652228,0.008608063,0.008699784,0.008720529,0.008662805,0.008520044
0.016403046,0.016283431,0.016048964,0.016268722,0.016358776,0.016423053,0.016556065,0.016569879,0.016722386,0.016804373,0.016907572,0.016722231,0.016246513,0.016046633,0.015698193,0.015437472,0.014881694,0.0146153,0.014403504,0.013825845,0.013652532,0.013492256,0.013247226,0.013162613,0.012690039,0.012514069,0.01227314,0.012114397,0.011918571,0.011699829,0.011565216,0.011537271,0.011451447,0.011360417,0.011161045,0.010977941,0.010699667,0.010462415,0.010218972,0.009970722,0.00978563,0.009697826,0.009661123,0.009535652,0.009485114,0.009470462,0.009423968,0.009524108,0.009544076,0.00948192,0.009328171
0.017697408,0.017571923,0.017327226,0.017566069,0.017663931,0.017734578,0.017873297,0.017881256,0.01804324,0.018135828,0.018235908,0.01803334,0.017514101,0.017306529,0.016930698,0.016662077,0.016071225,0.01578502,0.015571037,0.014949495,0.014768986,0.014601334,0.014345583,0.014265669,0.01376456,0.013582888,0.013326367,0.013161228,0.012957634,0.012722539,0.012574996,0.012546159,0.012452303,0.012368361,0.012155526,0.011964523,0.011668048,0.011411783,0.011148253,0.010884393,0.010683292,0.010592501,0.010557606,0.010428681,0.010377625,0.010363987,0.010314187,0.010422312,0.010444485,0.01037752,0.01021378
0.019110531,0.018984699,0.018725994,0.018988181,0.019090784,0.019158634,0.019312094,0.019318141,0.019488947,0.019578978,0.01968006,0.019457511,0.018890241,0.018668714,0.018266591,0.017984061,0.017357624,0.017061824,0.016837457,0.016169613,0.015977867,0.01580457,0.015544471,0.015465587,0.01492728,0.014737719,0.014470744,0.014296622,0.014078136,0.013827534,0.013670628,0.013637487,0.013544971,0.013457144,0.013235316,0.013036375,0.012721559,0.01244819,0.012162368,0.011879923,0.011667709,0.011567632,0.011539338,0.011403887,0.011351827,0.011343001,0.01128933,0.01140899,0.011429426,0.011357009,0.01118306
0.020657643,0.020525191,0.020247817,0.020532493,0.020643498,0.020720952,0.020872402,0.020878513,0.021050079,0.02114246,0.021244928,0.021004022,0.020382992,0.020137759,0.019714627,0.019419169,0.018749086,0.01844305,0.018204506,0.01748777,0.017289493,0.017114207,0.016839781,0.0167639,0.01619487,0.015996736,0.015716546,0.01553296,0.015301754,0.015032906,0.014867575,0.014828489,0.014733977,0.014647304,0.014415152,0.014205272,0.013868527,0.013580675,0.013271788,0.012963846,0.012737899,0.012637946,0.012609873,0.012467888,0.012420304,0.012416154,0.012357835,0.012485595,0.012507493,0.012429238,0.012247507
0.022340236,0.022211562,0.021914709,0.022219758,0.022335769,0.022419009,0.022574333,0.02257004,0.022753676,0.022847958,0.022941042,0.022672237,0.022002479,0.021736939,0.021288941,0.020978722,0.020263345,0.019939195,0.019691374,0.018920293,0.018713163,0.018534471,0.018242975,0.018174722,0.017569401,0.017366006,0.017071776,0.016875979,0.01663093,0.016339562,0.016163129,0.016124752,0.016027273,0.015938091,0.015695794,0.015480247,0.015119638,0.014810373,0.014479147,0.014147357,0.013905912,0.013799983,0.013782342,0.013634596,0.013587571,0.013589292,0.013529304,0.01366498,0.013684222,0.013603375,0.013406838
0.024187816,0.024038646,0.023730352,0.024059516,0.024183902,0.02426039,0.024423744,0.024414476,0.024601149,0.024694354,0.02478595,0.024489146,0.023749251,0.023463521,0.022985712,0.022657703,0.021899034,0.021555859,0.021304212,0.020474138,0.020252946,0.020068254,0.019765169,0.019703677,0.019059111,0.018847289,0.018536362,0.018334709,0.018072703,0.017762728,0.017571149,0.017531109,0.017425827,0.017344491,0.017093074,0.016861401,0.016482528,0.016153013,0.015798671,0.015441348,0.015179908,0.015071918,0.015058708,0.014905735,0.014864685,0.01486829,0.01480745,0.014950729,0.014977448,0.014889349,0.014680991
0.026194656,0.026047495,0.025699853,0.026068376,0.026201717,0.02627102,0.026438338,0.026410615,0.026607965,0.026698314,0.026778471,0.02644375,0.025644414,0.025335114,0.02482593,0.024482777,0.023674626,0.023315985,0.023044625,0.022149765,0.021924932,0.021735453,0.021417562,0.021354886,0.020669312,0.020455547,0.020125089,0.019916458,0.019637393,0.019305265,0.019096974,0.019057141,0.018952109,0.018874552,0.018607026,0.01837173,0.017968522,0.01761438,0.017234833,0.016847863,0.016573943,0.01646402,0.016454967,0.016298193,0.016263997,0.016274612,0.016203733,0.016363816,0.016385098,0.016292511,0.016071112
0.0283755,0.028217511,0.02785865,0.028256361,0.028390736,0.028460629,0.028630854,0.028585798,0.028791377,0.028869114,0.02894367,0.028574968,0.027693955,0.027360404,0.026822309,0.026463156,0.025589075,0.025219054,0.024938323,0.023972551,0.023732798,0.023540703,0.02320053,0.023148114,0.022419437,0.022203941,0.021853902,0.021637488,0.021333224,0.020985401,0.020762888,0.020716265,0.020607908,0.020531077,0.020258201,0.020018033,0.01958569,0.019212307,0.018798066,0.018386542,0.018087651,0.017977806,0.017978462,0.017816767,0.017791801,0.01780543,0.017733193,0.017905931,0.017930455,0.017830615,0.017597618
0.030761625,0.030600272,0.030212062,0.030631864,0.030771956,0.030833417,0.031004882,0.030947189,0.031155444,0.031225407,0.031284857,0.03086757,0.029913076,0.029547067,0.028969437,0.02859875,0.027667826,0.0272811,0.026980161,0.025940347,0.02569002,0.025490181,0.025143255,0.025093639,0.024316923,0.024098573,0.023729167,0.023499916,0.023184158,0.022806577,0.022571289,0.022515905,0.022409109,0.022340114,0.022057587,0.021806568,0.021347884,0.020944648,0.020506911,0.020063026,0.019745758,0.019629883,0.019643111,0.019480121,0.019459395,0.019487633,0.019407916,0.019594503,0.01961701,0.019509519,0.019262058
0.033354926,0.033183499,0.032762463,0.03322263,0.033368478,0.033423007,0.033586661,0.033510783,0.033717218,0.033771125,0.033820849,0.033359548,0.032302541,0.031910507,0.031300845,0.030909599,0.029920984,0.029506818,0.029195828,0.028080239,0.027805051,0.027609352,0.027240738,0.027201043,0.026380926,0.026148149,0.02576532,0.025524505,0.025185784,0.0247788,0.02453251,0.024471208,0.024363505,0.024302574,0.024011152,0.023749665,0.023268608,0.022838459,0.022366055,0.021889124,0.021547918,0.021436546,0.021456137,0.021295355,0.021283708,0.021321929,0.021239407,0.021435486,0.021463804,0.021346877,0.021083784
0.036179392,0.03599374,0.035544443,0.036042474,0.036189946,0.036223216,0.036392405,0.036285641,0.036486613,0.036536257,0.036567253,0.036044407,0.034891974,0.034459772,0.033816995,0.033407434,0.032354149,0.031924963,0.031592636,0.030387926,0.030100334,0.029902424,0.029513331,0.029484917,0.028608561,0.028374271,0.027973268,0.027727095,0.027359223,0.026926212,0.026656844,0.026593794,0.026490777,0.026436798,0.026133344,0.025868292,0.025357718,0.024904485,0.024392846,0.02387706,0.02351839,0.023402531,0.023441001,0.023275454,0.023276688,0.023325097,0.023238824,0.023451049,0.023479314,0.023355038,0.0230782
0.039247957,0.0390625,0.038578625,0.039105772,0.039250146,0.039279293,0.03942782,0.03928807,0.039495723,0.039524536,0.039546891,0.03894608,0.037695105,0.037219115,0.03653634,0.036110746,0.034980219,0.034534765,0.034186514,0.032879838,0.032582085,0.032379641,0.031968971,0.031954855,0.031024739,0.030785554,0.030369998,0.030104832,0.02972124,0.029256757,0.028970144,0.028902583,0.028795219,0.028755475,0.028444943,0.02817406,0.027630991,0.02714646,0.026599072,0.02604623,0.025664135,0.025552665,0.02560625,0.025441467,0.025453747,0.025517728,0.025427588,0.025656293,0.025679914,0.02555123,0.025261744
0.042582196,0.042382239,0.04185926,0.042436133,0.042577804,0.04258551,0.042730452,0.04256041,0.042754313,0.042772535,0.042755773,0.042088854,0.040716717,0.040200953,0.039476234,0.039030661,0.037827409,0.037352512,0.036987122,0.035581749,0.035270614,0.035067081,0.034638929,0.034631385,0.033643333,0.0334044,0.032959485,0.032695099,0.032280443,0.031789805,0.031480665,0.031410068,0.031306802,0.031274798,0.030955688,0.03067771,0.030104523,0.029592877,0.02900608,0.028412132,0.028009014,0.027897719,0.027963029,0.027802574,0.027834545,0.02791198,0.027817317,0.028066493,0.02808869,0.027949437,0.027643742
0.046222841,0.045999908,0.045441433,0.046059165,0.046189514,0.046172451,0.046306536,0.046095066,0.046280362,0.046264781,0.046230398,0.045479736,0.043980606,0.043421464,0.042659292,0.042184545,0.040898014,0.040406906,0.040022207,0.038504524,0.038167939,0.037969557,0.037516412,0.03752456,0.03646963,0.036231686,0.035777609,0.035497368,0.035061057,0.034535293,0.034201712,0.034124144,0.034020488,0.034009345,0.03368311,0.033405232,0.032797049,0.032259511,0.031630081,0.030990201,0.030557069,0.030450262,0.03053935,0.030382047,0.030434727,0.03053187,0.030428312,0.030694688,0.030718034,0.030571353,0.030253176
0.05016372,0.049930224,0.049325769,0.049989649,0.050115262,0.050074074,0.050178115,0.049912968,0.050090525,0.050054452,0.04999074,0.049145599,0.047503737,0.046895807,0.046081981,0.045586445,0.044220403,0.043711059,0.043302803,0.041666667,0.041313538,0.041110868,0.04063599,0.040656074,0.039544069,0.039304216,0.038829084,0.038535211,0.038074786,0.03751298,0.037153011,0.037066918,0.036970983,0.036979417,0.036651093,0.036367879,0.035730828,0.035157519,0.034483826,0.033793687,0.033334072,0.033231996,0.033346045,0.033194505,0.033269384,0.033391904,0.033283374,0.03357094,0.033595651,0.033439567,0.03310001
0.054443903,0.054199514,0.053558917,0.054251231,0.054381932,0.054299546,0.054384437,0.054070161,0.054226875,0.054150204,0.054039531,0.053101536,0.051295817,0.050640468,0.049780252,0.049264463,0.04780924,0.047272981,0.046840342,0.045079162,0.044710144,0.044505437,0.044006306,0.044047011,0.042863344,0.0426314,0.04212913,0.041827675,0.041342508,0.040738618,0.040359825,0.040263907,0.040173438,0.040203987,0.039873872,0.039595081,0.03891391,0.038310263,0.037586686,0.036853972,0.036363067,0.036264552,0.036415069,0.036268216,0.036363767,0.036514749,0.036400605,0.036712362,0.036731934,0.036565876,0.036209217
0.059104511,0.058834361,0.058135504,0.058882019,0.058992136,0.058864266,0.058939511,0.058552529,0.058690206,0.058568941,0.058426894,0.057357413,0.055408466,0.054676442,0.053773146,0.053235216,0.051694599,0.051131738,0.050677817,0.048774408,0.048377581,0.048176716,0.047652209,0.047719352,0.04645916,0.046230328,0.045707962,0.045404231,0.044878049,0.044248781,0.043833423,0.043734095,0.043648896,0.043701016,0.043369765,0.043090456,0.042378845,0.04174037,0.040967541,0.040176355,0.039657834,0.039572593,0.039753016,0.039618135,0.039743365,0.039924068,0.039806066,0.040133279,0.040152138,0.039982251,0.03960766
0.064161192,0.06386259,0.063104326,0.063911087,0.064000769,0.063833435,0.063854694,0.06338898,0.063512889,0.063362678,0.063147691,0.061957742,0.05981695,0.059037946,0.058080846,0.057531592,0.055879923,0.055291336,0.054806461,0.052760626,0.052335889,0.052145672,0.051600726,0.051679076,0.050344371,0.050127366,0.049587509,0.049270792,0.04871489,0.048041747,0.047606838,0.047495756,0.047422463,0.047496376,0.047173891,0.046894778,0.046145758,0.045463789,0.044641257,0.04380031,0.043250632,0.043169789,0.043392203,0.043264242,0.04343167,0.04364572,0.043519123,0.043873311,0.04389218,0.043708378,0.043320657
0.069618749,0.069296785,0.068511088,0.069350622,0.069417375,0.069190144,0.069180341,0.068632989,0.06871801,0.068521004,0.06825965,0.066931282,0.064583371,0.063742052,0.062720424,0.06214213,0.060392289,0.059780754,0.059265334,0.05706146,0.05661682,0.056431415,0.055857961,0.055964027,0.054557926,0.054334635,0.053784413,0.053460659,0.052872371,0.052154868,0.051680843,0.051564798,0.051505114,0.051619545,0.051293014,0.051023721,0.050236715,0.049520417,0.048640741,0.047735812,0.047160287,0.04709162,0.047351679,0.047244165,0.047451379,0.047702865,0.047574689,0.047953064,0.047967072,0.047772189,0.047375033
0.07556948,0.075224116,0.074346799,0.075252468,0.075299038,0.074997771,0.074933746,0.074303338,0.074347751,0.0740868,0.073771013,0.072282654,0.069719189,0.06879445,0.067731369,0.067123699,0.065257555,0.064625129,0.064083951,0.061703298,0.061244444,0.061065739,0.060453612,0.060605236,0.059103693,0.058895212,0.058325494,0.057992574,0.057375635,0.056609976,0.05610887,0.055982712,0.055934855,0.056079498,0.055764601,0.055509911,0.054690354,0.053930971,0.052991322,0.052019846,0.051402841,0.051357471,0.051669371,0.051584335,0.051841733,0.0521262,0.051990913,0.05240083,0.052411171,0.052206548,0.051792339
0.081991443,0.081621732,0.080669864,0.081642776,0.081643674,0.081284801,0.081156627,0.080415324,0.080424456,0.080085212,0.079711489,0.078043871,0.075257041,0.074240062,0.073134701,0.0724934,0.070517431,0.069848408,0.069285677,0.066726188,0.0662311,0.066055162,0.065432155,0.065603048,0.064020505,0.063836691,0.063239854,0.06290523,0.062241931,0.06143059,0.060890897,0.060761627,0.060729206,0.060928701,0.060618546,0.060385635,0.059512566,0.05872465,0.057711939,0.056676875,0.056033801,0.055995432,0.056360279,0.056313887,0.056617722,0.056958396,0.056812911,0.057253604,0.057257594,0.057044306,0.056615297
0.088963867,0.088529312,0.087525653,0.088559172,0.088518038,0.088071826,0.087902202,0.087044269,0.08699263,0.086581199,0.086089346,0.084241799,0.081202933,0.080114034,0.078944292,0.078281751,0.076178055,0.075485526,0.074889868,0.07212691,0.071606498,0.071452258,0.070797059,0.070996409,0.069317965,0.069153382,0.068552824,0.068215936,0.067523142,0.066661002,0.06607733,0.065931042,0.065918215,0.0661728,0.065873558,0.065657977,0.064763112,0.063918952,0.062850455,0.061733066,0.061053098,0.061051774,0.061473022,0.061460364,0.061827127,0.06221835,0.062070776,0.062545559,0.062543957,0.062315036,0.061872025
0.096485272,0.096039479,0.094966879,0.096032832,0.09595445,0.095417135,0.095171162,0.094162996,0.094057559,0.093563597,0.092976194,0.09092678,0.087616277,0.08642707,0.085190143,0.084525622,0.082285714,0.081561842,0.080934143,0.077947488,0.077396569,0.077270076,0.076577592,0.076830689,0.075064376,0.074925143,0.074295786,0.07395717,0.073216965,0.072308906,0.071691985,0.07153313,0.071540185,0.071845198,0.071584518,0.071394731,0.070452246,0.069574922,0.068422595,0.06723347,0.066523114,0.066537052,0.067042679,0.067053907,0.067494979,0.067947555,0.067791548,0.068297827,0.068294289,0.068060804,0.067601197
0.104634164,0.104164433,0.102977147,0.104120362,0.103984679,0.103356949,0.103007519,0.101854844,0.101671621,0.101069214,0.100403743,0.09810107,0.094494433,0.093211175,0.09190256,0.091237424,0.088849548,0.088109926,0.087433619,0.084233674,0.083652618,0.083546574,0.082817305,0.083116249,0.081250862,0.081137256,0.080497818,0.080152329,0.079379227,0.07840698,0.077771851,0.077597344,0.077618956,0.078004607,0.0777549,0.07759803,0.076622071,0.075699228,0.074467923,0.073208396,0.072452018,0.072510432,0.073090965,0.073140927,0.07365651,0.074186714,0.074031415,0.074573802,0.074555214,0.074309102,0.073841682
0.11345327,0.112908483,0.111650872,0.112841073,0.112686254,0.111901198,0.111455108,0.11014946,0.10988182,0.109173563,0.108402417,0.10583663,0.101900595,0.100511131,0.099153327,0.098451471,0.095924469,0.09515146,0.094455078,0.091009134,0.090392239,0.090298507,0.089539071,0.089907246,0.087934742,0.087854633,0.087198208,0.086875226,0.086041654,0.08502201,0.084325323,0.084143565,0.084209593,0.084660242,0.084447815,0.084312288,0.083307986,0.082348999,0.081047878,0.079692656,0.078891983,0.078977101,0.07965264,0.079766093,0.08037397,0.080974116,0.080819723,0.081386751,0.081370335,0.081112474,0.080638784
0.123040563,0.122440353,0.121101086,0.122370423,0.121547687,0.121199143,0.120643995,0.119152984,0.118807844,0.11798092,0.117076275,0.114261033,0.110015849,0.108461188,0.107069577,0.106318258,0.103669462,0.102870647,0.102117978,0.098413003,0.097765954,0.09771679,0.096932783,0.097324747,0.095263277,0.09521265,0.094545113,0.094220506,0.09336912,0.092270923,0.091547691,0.091340235,0.091440073,0.091967156,0.091784584,0.091703221,0.090658625,0.089649071,0.088262139,0.086815152,0.085991183,0.086121961,0.086894094,0.08706417,0.087755643,0.088436803,0.088282024,0.088893313,0.08885904,0.088592851,0.088119065
0.132942106,0.132226423,0.131364291,0.132702408,0.131205854,0.130784508,0.130633256,0.128958522,0.128527966,0.127593839,0.126540823,0.123424676,0.118861681,0.11719359,0.115722843,0.114959777,0.112151061,0.111337163,0.110522653,0.106572596,0.105866129,0.105849675,0.105049609,0.1054874,0.103321567,0.103300615,0.102635601,0.102320402,0.101417339,0.100259312,0.099466973,0.099243253,0.099387293,0.100013028,0.09986358,0.099836265,0.098738582,0.097700209,0.096216107,0.094674911,0.093824181,0.093991207,0.094866459,0.095100865,0.095893468,0.096666242,0.09650243,0.097160327,0.097109593,0.096829716,0.096349338
0.143670462,0.142894157,0.141914399,0.143293988,0.141715376,0.141201817,0.140988455,0.139673188,0.139115757,0.13802139,0.136887532,0.133495649,0.128503841,0.126752132,0.125195542,0.124425287,0.121423881,0.12058756,0.119751097,0.115501125,0.11478809,0.114795516,0.113936814,0.114451439,0.11217031,0.112192293,0.111530723,0.111217184,0.110269554,0.109043367,0.108201129,0.107959577,0.108138859,0.10885577,0.108751717,0.108778987,0.107632823,0.106554931,0.104983012,0.103352643,0.102437192,0.102664337,0.103653668,0.103955019,0.104852577,0.105724696,0.105553542,0.106263015,0.106204177,0.105908667,0.105421741
0.155388471,0.154551815,0.153447499,0.154894672,0.153191489,0.152549399,0.15222814,0.150809317,0.150668209,0.149433962,0.148189278,0.144466655,0.139091719,0.137171741,0.135577798,0.134762037,0.131646259,0.130737727,0.129882965,0.1253162,0.124591443,0.124631992,0.123749389,0.124327052,0.121895893,0.121985386,0.12128453,0.120984564,0.120006697,0.118720134,0.117828443,0.117569154,0.117787691,0.118593193,0.118556132,0.118619349,0.117436591,0.116322702,0.114650662,0.112904856,0.111961126,0.112235103,0.113339337,0.113710764,0.114746303,0.115718938,0.115551874,0.116287973,0.116220791,0.115907582,0.115419879
0.168204823,0.167157375,0.165967153,0.167518956,0.165625802,0.164934741,0.164548766,0.162944843,0.162767431,0.161372682,0.159888416,0.15644304,0.150649351,0.148663468,0.146913084,0.146167441,0.142820611,0.141912544,0.141020955,0.136153024,0.135357843,0.135414352,0.134499814,0.135202145,0.132638424,0.132766957,0.132075472,0.131783264,0.130726169,0.129399272,0.128446733,0.128151852,0.128441616,0.129337643,0.129326923,0.129471678,0.128250573,0.127066858,0.125323529,0.12346464,0.12250526,0.122827184,0.124044109,0.12448918,0.125658431,0.126714811,0.126548111,0.127349783,0.127256525,0.126950601,0.126466533
0.182078051,0.180980508,0.179672501,0.181206597,0.179264074,0.178484356,0.177961922,0.176148901,0.17588785,0.174392132,0.172774869,0.168988492,0.163394287,0.161197703,0.159405228,0.158633599,0.155116014,0.154211151,0.153223475,0.148054324,0.14724598,0.14736912,0.146400716,0.147141633,0.144444444,0.144637856,0.143976341,0.143674476,0.14256101,0.141154159,0.140174351,0.139874739,0.140176378,0.141199377,0.141233766,0.141431193,0.140185245,0.138969432,0.137098704,0.135149626,0.134133509,0.134508409,0.135863147,0.136419617,0.13768184,0.138879415,0.138698893,0.139555287,0.139444957,0.139129928,0.138645916
0.197335025,0.196037226,0.194499858,0.196185286,0.194084544,0.193283676,0.192665037,0.190679473,0.190322581,0.18867713,0.186865932,0.182743269,0.176797285,0.175014967,0.173162691,0.172280404,0.168686869,0.167739053,0.166710171,0.161241228,0.1603611,0.16051057,0.159526755,0.160321836,0.15754596,0.157748765,0.157037983,0.15680955,0.155661188,0.154173951,0.153082031,0.152768713,0.153143575,0.154305439,0.154377256,0.154657678,0.15336197,0.152110927,0.1501413,0.148091182,0.147020225,0.147438567,0.148937756,0.149580203,0.151001204,0.152295835,0.152129454,0.1530239,0.152902412,0.152582079,0.152098432
0.213844252,0.21253406,0.210923134,0.212676794,0.210315473,0.209380503,0.208609782,0.206505521,0.206128939,0.204236218,0.202371218,0.197911158,0.19158998,0.189599802,0.188277512,0.187347649,0.183549296,0.182603939,0.181576428,0.175681255,0.174765047,0.175009701,0.173925339,0.174874372,0.171898356,0.172280554,0.1715698,0.171303955,0.170120653,0.168529491,0.167435897,0.167065317,0.167520763,0.168775892,0.168932252,0.169248727,0.167944036,0.16660012,0.164557576,0.162379042,0.161287352,0.161778619,0.163444951,0.164166739,0.165703442,0.167130085,0.166985179,0.167916737,0.167779633,0.16742156,0.166936332
0.232006543,0.230393417,0.228772441,0.2303989,0.228024369,0.226951827,0.226178635,0.223817729,0.223372781,0.221327608,0.219199446,0.214597315,0.207706006,0.205735661,0.204330176,0.203927273,0.199943678,0.198963589,0.197909776,0.191721133,0.190729954,0.191047642,0.189966244,0.190907035,0.187890069,0.188276152,0.187575392,0.187297349,0.186050692,0.184397764,0.183225082,0.182880269,0.183385694,0.184748262,0.184982057,0.185410533,0.184062282,0.182692897,0.18051763,0.178234346,0.177069351,0.177628709,0.179462521,0.180265854,0.181978432,0.18353195,0.183408117,0.184341132,0.184218467,0.183877714,0.183362797
0.251655629,0.25,0.248122755,0.250154036,0.247599651,0.246208988,0.245203679,0.242835596,0.242329065,0.240214352,0.237795276,0.232790445,0.225752508,0.223449107,0.222072159,0.222242886,0.2180937,0.217022014,0.215830958,0.209400324,0.208418088,0.208743004,0.207583077,0.208717876,0.205485116,0.206023454,0.205302254,0.205037291,0.203755216,0.202006981,0.200820513,0.200388538,0.200943222,0.202496901,0.202810903,0.203286771,0.201857438,0.200521432,0.198206212,0.195773639,0.194633199,0.195245151,0.19721181,0.198181349,0.200038115,0.201682783,0.201556178,0.202572347,0.202421188,0.202037455,0.201557407
0.273326572,0.271380793,0.269662921,0.271265341,0.268954509,0.267494357,0.266286935,0.263888889,0.263021676,0.260788575,0.258141619,0.252946249,0.245314223,0.243000528,0.241580147,0.241974708,0.237950398,0.236936937,0.235281338,0.229014026,0.22797823,0.228404669,0.227298364,0.228389445,0.225141044,0.22556391,0.224847183,0.224726234,0.22331567,0.221521708,0.220263724,0.219931706,0.22050545,0.222082667,0.222453222,0.22302992,0.221612838,0.220219436,0.217834876,0.215300546,0.214078566,0.214814185,0.216909332,0.217943532,0.219961856,0.22183899,0.221636293,0.222692308,0.222527892,0.222129405,0.22170309
0.296561605,0.294949495,0.293037975,0.294642857,0.292040359,0.290611814,0.289120715,0.28671985,0.285650624,0.283467913,0.280716029,0.274853801,0.267138599,0.264935989,0.263175791,0.26360378,0.259525297,0.258992806,0.256846353,0.250830565,0.249601276,0.25,0.24882745,0.25023855,0.246828143,0.247266235,0.246593121,0.246446488,0.244983949,0.243263902,0.241795889,0.241408498,0.242115323,0.243850913,0.244345195,0.245024876,0.243519872,0.242098528,0.239679606,0.236932559,0.235683322,0.236497635,0.23880597,0.239975068,0.242165242,0.244066099,0.243895205,0.245057741,0.24485237,0.244478735,0.243988888
0.322245322,0.320662768,0.31809872,0.320446735,0.317704123,0.3158694,0.314550642,0.311662198,0.310998736,0.307968844,0.305413105,0.299293862,0.291106515,0.288593904,0.287119438,0.287376902,0.283390411,0.282964783,0.280612245,0.274708756,0.273741007,0.274171271,0.273089701,0.274358974,0.270730198,0.271505376,0.270809249,0.270716685,0.269261963,0.267357513,0.265797885,0.265490833,0.26608506,0.267967146,0.268653809,0.269259397,0.267844397,0.266289438,0.26387745,0.261068944,0.259754061,0.260736196,0.263053909,0.264383562,0.266746891,0.268705697,0.268658647,0.269766254,0.269600405,0.269168026,0.268684604
0.34992224,0.348837209,0.346938776,0.348214286,0.34491018,0.343820225,0.342465753,0.338932806,0.338276182,0.335078534,0.332508251,0.3265625,0.317812269,0.315605318,0.314077025,0.314159292,0.310012063,0.309551208,0.307142857,0.301678909,0.3003003,0.300766284,0.299770115,0.300884956,0.297527707,0.298274445,0.297500992,0.297390637,0.296062407,0.293949159,0.292491468,0.29211295,0.292981918,0.294864397,0.295380435,0.296229339,0.294900222,0.293298726,0.290818634,0.287944493,0.286515687,0.287594735,0.290136512,0.291511541,0.294011218,0.296106195,0.296,0.297121316,0.296949153,0.296613011,0.296191585
0.381642512,0.380313199,0.377870564,0.37890625,0.376599634,0.373927959,0.372990354,0.369924812,0.368495077,0.365789474,0.362175525,0.355813953,0.347540984,0.344650206,0.343051506,0.343778802,0.339754816,0.339166667,0.336775218,0.33081571,0.329978433,0.330589849,0.329396325,0.330604534,0.326876513,0.327897496,0.327160494,0.327193933,0.32565445,0.323722812,0.322173702,0.321610366,0.32246696,0.324583333,0.325471698,0.32642487,0.325008794,0.323381416,0.320615582,0.3178057,0.315959004,0.317518248,0.319751754,0.321521626,0.324228629,0.326435083,0.326496139,0.32756167,0.32748538,0.327012026,0.32654928
0.416342412,0.41218638,0.410596026,0.413580247,0.410404624,0.408108108,0.405063291,0.401891253,0.401766004,0.397938144,0.396153846,0.389587074,0.380872483,0.376766091,0.375552283,0.376912378,0.371541502,0.372034956,0.368920522,0.363738739,0.362860192,0.363451777,0.362403101,0.364226135,0.360568384,0.361466326,0.360426929,0.359968354,0.358504958,0.356880059,0.355021216,0.355057705,0.355569948,0.357673267,0.358854471,0.359624931,0.358146799,0.356684756,0.353824496,0.351073345,0.348827292,0.350204082,0.352757137,0.35509434,0.357325539,0.360113758,0.360263523,0.361413043,0.36108325,0.36088245,0.360325203
0.453333333,0.448484848,0.45,0.448453608,0.444976077,0.444444444,0.444444444,0.438931298,0.439285714,0.436666667,0.432098765,0.425714286,0.416445623,0.413366337,0.412037037,0.413043478,0.407786885,0.40776699,0.405156538,0.400696864,0.398682043,0.400936037,0.398518519,0.400282885,0.396481732,0.398447607,0.397515528,0.397849462,0.395402299,0.394241417,0.392136026,0.391975309,0.392504931,0.394512772,0.395870736,0.396610169,0.395700637,0.39412208,0.390714286,0.387491502,0.385113269,0.386658431,0.389380531,0.392268334,0.39408867,0.397551889,0.39762151,0.398989899,0.398712234,0.398441305,0.397688974
0.488636364,0.489795918,0.490566038,0.49122807,0.483870968,0.488721805,0.486111111,0.477419355,0.475903614,0.47752809,0.471502591,0.466666667,0.456140351,0.455645161,0.45112782,0.45229682,0.448504983,0.448275862,0.445103858,0.441011236,0.439153439,0.441396509,0.439716312,0.442696629,0.438972163,0.43852459,0.439215686,0.438794727,0.43761302,0.434027778,0.433333333,0.432258065,0.433229814,0.435628743,0.437142857,0.438005391,0.436868687,0.434730539,0.431818182,0.428263215,0.425944842,0.427599611,0.430426716,0.433007986,0.435304199,0.438276719,0.439454691,0.440438871,0.440703902,0.43993994,0.439674315
0.531914894,0.528301887,0.534482759,0.53125,0.536231884,0.533333333,0.530864198,0.528735632,0.526315789,0.524271845,0.517857143,0.512195122,0.5,0.496551724,0.5,0.497005988,0.491620112,0.492063492,0.49,0.485849057,0.486725664,0.4875,0.484251969,0.48880597,0.482269504,0.483108108,0.485436893,0.482972136,0.482248521,0.480113636,0.479452055,0.480211082,0.479695431,0.481662592,0.483490566,0.483296214,0.482254697,0.48015873,0.477443609,0.475,0.472789116,0.473515249,0.477134146,0.478832117,0.481065919,0.484480432,0.485639687,0.486075949,0.486453202,0.486127865,0.485680191
0.576923077,0.571428571,0.580645161,0.571428571,0.578947368,0.575,0.581395349,0.583333333,0.568627451,0.566037736,0.566666667,0.567164179,0.547945205,0.55,0.551724138,0.553191489,0.54,0.547169811,0.539823009,0.537190083,0.534883721,0.540145985,0.537931034,0.538961039,0.537037037,0.538011696,0.536312849,0.534759358,0.535714286,0.531707317,0.530516432,0.529411765,0.530701754,0.535564854,0.534693878,0.534351145,0.534296029,0.532646048,0.527687296,0.526315789,0.524926686,0.526315789,0.527704485,0.531328321,0.53253012,0.534883721,0.535714286,0.536637931,0.5375,0.538934426,0.53722334
0.642857143,0.666666667,0.647058824,0.631578947,0.65,0.619047619,0.652173913,0.64,0.62962963,0.620689655,0.625,0.611111111,0.615384615,0.604651163,0.595744681,0.6,0.592592593,0.596491228,0.590163934,0.6,0.594202899,0.594594595,0.594936709,0.590361446,0.590909091,0.591397849,0.587628866,0.588235294,0.592592593,0.592920354,0.584745763,0.585365854,0.587301587,0.591240876,0.594202899,0.590277778,0.594771242,0.586419753,0.587209302,0.581920904,0.580645161,0.582914573,0.583732057,0.589041096,0.59030837,0.593220339,0.5951417,0.593023256,0.594095941,0.597069597,0.594202899
0.75,0.666666667,0.714285714,0.714285714,0.666666667,0.7,0.727272727,0.666666667,0.692307692,0.714285714,0.666666667,0.6875,0.684210526,0.666666667,0.652173913,0.68,0.666666667,0.678571429,0.666666667,0.65625,0.657142857,0.648648649,0.666666667,0.666666667,0.666666667,0.659574468,0.66,0.660377358,0.660714286,0.655172414,0.655737705,0.650793651,0.651515152,0.652777778,0.657534247,0.662162162,0.658227848,0.658823529,0.645833333,0.64516129,0.645833333,0.644230769,0.654205607,0.655172414,0.658119658,0.658536585,0.658730159,0.656934307,0.659722222,0.662068966,0.657534247
0.75,0.75,0.75,0.75,0.666666667,0.8,0.75,0.777777778,0.777777778,0.777777778,0.7,0.75,0.769230769,0.733333333,0.764705882,0.777777778,0.80952381,0.772727273,0.791666667,0.807692308,0.777777778,0.793103448,0.774193548,0.764705882,0.75,0.783783784,0.769230769,0.785714286,0.75,0.765957447,0.770833333,0.759259259,0.745098039,0.762711864,0.766666667,0.766666667,0.765625,0.76056338,0.768292683,0.759493671,0.766233766,0.759036145,0.773809524,0.772277228,0.760869565,0.768421053,0.772277228,0.772727273,0.7734375,0.779661017,0.781512605